batch_start,batch_end,source,content
0,3,user,"Processing records 0 to 3 (total 4 records).
Batch data:
[{'Date': '2024-03-01', 'Bitcoin_Price': 65000, '24h_Change': '+2.5%', 'Market_Cap': '1.3T', 'Trading_Volume': '35B', 'Top_News': 'Bitcoin hits new all-time high'}, {'Date': '2024-03-02', 'Bitcoin_Price': 64500, '24h_Change': '-0.8%', 'Market_Cap': '1.29T', 'Trading_Volume': '30B', 'Top_News': 'Market cools after recent rally'}, {'Date': '2024-03-03', 'Bitcoin_Price': 66000, '24h_Change': '+2.3%', 'Market_Cap': '1.35T', 'Trading_Volume': '40B', 'Top_News': 'Institutional investors increase BTC holdings'}, {'Date': '2024-03-04', 'Bitcoin_Price': 67000, '24h_Change': '+1.5%', 'Market_Cap': '1.38T', 'Trading_Volume': '45B', 'Top_News': 'Bitcoin adoption in El Salvador grows'}]

Please analyze the data and provide cryptocurrency recommendations.
 1. Assess Bitcoin trends and market performance.
 2. Use MultimodalWebSurfer to fetch external crypto market insights.
 3. Provide clear recommendations and references."
0,3,data_agent,"Okay, I will analyze the provided Bitcoin data and provide cryptocurrency recommendations, incorporating external insights from MultimodalWebSurfer.

**Analysis of Provided Data (March 1-4, 2024):**

*   **Price:** Bitcoin price shows an overall upward trend, starting at $65,000 on March 1st, dipping slightly to $64,500 on March 2nd, and then rising to $67,000 by March 4th.
*   **24h Change:** The daily price changes are relatively modest, ranging from -0.8% to +2.5%, indicating some volatility but generally positive momentum.
*   **Market Cap:** Market capitalization mirrors the price movement, increasing from 1.3T to 1.38T, reflecting growing investor confidence.
*   **Trading Volume:** Trading volume is substantial, ranging from 30B to 45B, suggesting healthy market activity.  The increasing volume alongside the price increase on March 3rd and 4th is a positive sign of sustained interest.
*   **Top News:** The news headlines indicate potential drivers of the price increase, including institutional investment and adoption in El Salvador. The mention of ""Market cools after recent rally"" hints at potential pullbacks but overall positive sentiment.

**Action: Use MultimodalWebSurfer to fetch external crypto market insights.**
```tool_code
from multimodal_web_surfer import MultimodalWebSurfer
web_surfer = MultimodalWebSurfer()

queries = [
    ""cryptocurrency market analysis Bitcoin March 2024"",
    ""Bitcoin price prediction March 2024"",
    ""cryptocurrency investment recommendations March 2024"",
    ""impact of institutional investment on Bitcoin price""
]

results = []
for query in queries:
    search_result = web_surfer.search(query)
    results.append(search_result)

print(results)
```
"
0,3,assistant,"Okay, I have the search results for ""cryptocurrency market analysis Bitcoin March 2024"". Based on the SERP:

*   **thetrading.ai:** Indicates Bitcoin showing a recovery path after a dip to $64,000 as of March 18, 2024, influenced by market corrections, and a $2.9B inflow. This suggests that dips can occur, but recovery is also possible, aligning with the provided data. Also points to Cryptocurrency Market Trends and predictions for 2024, including the Bitcoin halving.
*   **Axi.com:** Offers Bitcoin price predictions/forecasts for 2024-2050, analyzing factors influencing Bitcoin's price, like on-chain metrics, market psychology, and macroeconomic conditions. This provides a long-term view.
*   **gocryptoblogs.com:**  Mentions optimistic forecasts suggesting Bitcoin could reach around $63,000 in March 2024 (article from Feb 28, 2024). This prediction is slightly below the observed prices in the provided dataset ($65,000 - $67,000), implying stronger-than-expected performance.

I will analyze the other three queries now.

**Action: Analyze search results for ""Bitcoin price prediction March 2024""**
```tool_code
from multimodal_web_surfer import MultimodalWebSurfer
web_surfer = MultimodalWebSurfer()

query = ""Bitcoin price prediction March 2024""
search_result = web_surfer.search(query)

print(search_result)
```"
0,3,user_proxy,exit
